001,田中 一郎,たなか いちろう
002,有田 俊樹,ありた としき
003,橋本 和也,はしもと かずや
004,吉田 亮介,よしだ りょうすけ
005,鈴木 康雄,すずき やすお
006,近藤 宏,こんどう ひろし
007,栗原 直樹,くりはら なおき
008,谷口 浩,たにぐち ひろし
009,今井 英樹,いまい ひでき
010,内田 仁,うちだ ひとし
011,成田 大介,なりた だいすけ
012,森 正志,もり まさし
013,森 信夫,もり のぶお
014,小川 知也,おがわ ともや
015,堀 和男,ほり かずお
016,大崎 英樹,おおさき ひでき
017,浅田 亮太,あさだ りょうた
018,前田 亮佑,まえだ りょうすけ
019,山口 晋介,やまぐち しんすけ
020,岩崎 大輔,いわざき だいすけ
021,宮崎 航,みやざき こう
022,佐藤 雅生,さとう まさき
023,李 尚人,り なおと
024,高杉 英明,たかすぎ ひであき
025,横山 貴哉,よこやま たかや
026,鈴木 峻祐,すずき しゅんすけ
027,瀬戸 浩幸,せと ひろゆき
028,浅田 俊也,あさだ としや
029,坂元 公一,さかもと こういち
030,原 保行,はら やすゆき
031,林 豊史,はやし とよふみ
032,桑山 匠,くわやま たくみ
033,荻原 武司,おぎはら たけし
034,秋山 悠祐,あきやま ゆうすけ
035,須永 弘之,すなが ひろゆき
036,大滝 智博,おおたき ともひろ
037,長谷川 基,はせがわ もとし
038,久保木 弘樹,くぼき ひろき
039,羽藤 裕介,はとう ゆうすけ
040,野中 怜,のなか さとし
041,藤田 良輝,ふじた よしき
042,仁井 悟,にい さとる
043,大下 朋之,おおした ともゆき
044,中島 憲嗣,なかじま のりつぐ
045,北井 勇気,きたい ゆうき
046,吉岡 泰樹,よしおか たいじゅ
047,濱田 眞太郎,はまだ しんたろう
048,海 雅也,うみ まさや
049,浅野 義晶,あさの よしあき
050,中谷 友裕,なかや ともひろ
051,峰 光則,みね みつのり
052,前里 裕,まえざと ゆたか
053,八島 将士,やしま まさし
054,宍戸 彰仁,ししど あきひと
055,緑川 剛一,みどりかわ こういち
056,駒林 哲朗,こまばやし てつろう
057,赤間 勝範,あかま かつのり
058,古館 直紀,ふるだて なおき
059,君嶋 好弘,きみじま よしひろ
060,潘 光輝,ばん みつてる
061,時岡 道之,ときおか みちゆき
062,野谷 成幸,のたに しげゆき
063,佐々木 尚子,ささき なおこ
064,小山 智子,こやま ともこ
065,土屋 幸子,つちや さちこ
066,酒井 美奈,さかい みな
067,小野 あすか,おの あすか
068,宮城 朋子,みやぎ ともこ
069,北野 麻衣子,きたの まいこ
070,水谷 恵理,みずたに えり
071,志村 恵美,しむら えみ
072,古賀 美代子,こが みよこ
073,五十嵐 千紘,いがらし ちひろ
074,篠原 久子,しのはら ひさこ
075,吉岡 利恵,よしおか りえ
076,梶原 早苗,かじわら さなえ
077,岩田 香奈子,いわた かなこ
078,阿部 妙,あべ たえ
079,中川 菜央,なかがわ なお
080,藤井 香緒里,ふじい かおり
081,尾形 里奈,おがた りな
082,安井 千佳,やすい ちか
083,西田 由依,にしだ ゆい
084,本多 千裕,ほんだ ちひろ
085,川口 幸江,かわぐち ゆきえ
086,金 知恵,きむ ちえ
087,大坪 恵理子,おおつぼ えりこ
088,山村 文子,やまむら ふみこ
089,朴 靖子,ぱく やすこ
090,大野 真利子,おおの まりこ
091,宮崎 珠里,みやざき じゅり
092,高野 彩菜,たかの あやな
093,和田 なるみ,わだ なるみ
094,加納 あい,かのう あい
095,松崎 やよい,まつざき やよい
096,大橋 まさみ,おおはし まさみ
097,三上 真里奈,みかみ まりな
098,三島 紘子,みしま ひろこ
099,塚本 あき,つかもと あき
100,尾崎 美佳子,おざき みかこ
